stop_id,stop_name,stop_desc,stop_lat,stop_lon,zone_id,stop_url,location_type,parent_station,wheelchair_boarding
STP5101,Tuburan,,10.70520496,122.4778061,,,,,
STP5102,Santa Barbara,,10.82633209,122.5323181,,,,,
STP5103,Zarraga Public Market,,10.82279873,122.6119461,,,,,
STP5104,Santa Barbara,,10.81839943,122.5266342,,,,,
STP5105,Dacutan,,10.79887104,122.6974945,,,,,
STP5106,Malunang,,10.82352352,122.6091766,,,,,
STP5107,Tuburan Sulbod,,10.82477188,122.6067505,,,,,
STP5108,San Antonio,,10.69477844,122.4758072,,,,,
STP5109,Pulao,,10.81916237,122.6990891,,,,,
STP5110,Dacutan,,10.81646061,122.6995087,,,,,
STP5111,San Antonio,,10.69160748,122.4746475,,,,,
STP5112,San Jose,,10.77340126,122.4999542,,,,,
STP5113,Santa Barbara,,10.82166576,122.5293121,,,,,
STP5114,Balabag,,10.84340668,122.6564636,,,,,
STP5115,Abilay Norte,,10.7554636,122.4904404,,,,,
STP5116,Santa Barbara,,10.82382298,122.5309448,,,,,
STP5117,Jalaud Sur,,10.84884834,122.6493683,,,,,
STP5118,Balud I,,10.84622765,122.6454544,,,,,
STP5119,San Jose,,10.76408005,122.4944763,,,,,
STP5120,Abilay Norte,,10.76160526,122.4933395,,,,,
STP5121,San Jose,,10.76643085,122.4959412,,,,,
STP5201,Mandurriao,,10.70563412,122.5524445,,,,,
STP5202,Jaro,,10.76797581,122.5817642,,,,,
STP5203,Jaro,,10.77195263,122.5841675,,,,,
STP5204,Jaro,,10.74691868,122.567955,,,,,
STP5205,Jaro,,10.73767185,122.5619202,,,,,
STP5206,Poblacion,,10.78410244,122.5876007,,,,,
STP5207,Buntatala,,10.77490139,122.5848312,,,,,
STP5208,Jaro,,10.7438488,122.5657501,,,,,
STP5209,Jaro,,10.74030781,122.563385,,,,,
STP5210,Luis Linaga-an,,10.71651077,122.5532455,,,,,
STP5211,Guihaman,,10.77785206,122.5845642,,,,,
STP5212,Jaro,,10.75741768,122.5748215,,,,,
STP5213,Jaro,,10.76021862,122.5766373,,,,,
STP5214,Jaro,,10.76256371,122.5780411,,,,,
STP5215,Molo,,10.69383812,122.5550995,,,,,
STP5216,City Proper,,10.69678116,122.5548325,,,,,
STP5217,Jaro,,10.7334528,122.5601959,,,,,
STP5218,Guihaman,,10.78048706,122.5854416,,,,,
STP5219,Ceres Iloilo North Bus Terminal,,10.7536869,122.5720749,,,,,
STP5220,Jaro,,10.75020504,122.5699997,,,,,
STP5221,Jaro,,10.76476479,122.5797043,,,,,
STP5222,Molo,,10.70073605,122.5538788,,,,,
STP5223,Jaro,,10.72988701,122.5589752,,,,,
STP5224,GECO Philippines,,10.7280426,122.5561523,,,,,
STP5225,Cornerstone Pet Hospital,,10.7173872,122.5594864,,,,,
STP5226,TotalEnergies,,10.72112656,122.5589447,,,,,
STP5227,Jaro,,10.72244549,122.5545883,,,,,
STP5228,Mandurriao,,10.71055984,122.5519028,,,,,
STP5229,SM Strata Twin Towers,,10.71321011,122.5524673,,,,,
STP5230,Jaro,,10.72556114,122.5573654,,,,,
STP5231,Jaro,,10.71482563,122.5570755,,,,,
STP5401,San Miguel,,10.77401543,122.4612732,,,,,
STP5402,San Miguel,,10.77604961,122.4739227,,,,,
STP5403,Mandurriao,,10.73139858,122.5237656,,,,,
STP5404,Mandurriao,,10.72625351,122.5279388,,,,,
STP5405,Rizal,,10.77046871,122.4561691,,,,,
STP5406,Rizal,,10.76851559,122.4542999,,,,,
STP5407,Rizal,,10.77457714,122.4586258,,,,,
STP5408,San Miguel,,10.77777195,122.4610901,,,,,
STP5409,Jibao-an,,10.75247765,122.5074615,,,,,
STP5410,Jibao-an,,10.74534321,122.5133438,,,,,
STP5411,San Miguel,,10.77965927,122.4674149,,,,,
STP5412,Mandurriao,,10.71806526,122.5371552,,,,,
STP5413,San Miguel,,10.78099155,122.4650497,,,,,
STP5414,Jibao-an,,10.75893688,122.4998322,,,,,
STP5415,Mandurriao Central Elementary School,,10.71540737,122.5377197,,,,,
STP5416,Mandurriao,,10.71788883,122.5398636,,,,,
STP5417,Hibao-an Norte,,10.73995399,122.5172272,,,,,
STP5418,Mandurriao,,10.74222088,122.5157089,,,,,
STP5419,Mandurriao,,10.71725368,122.5469208,,,,,
STP5420,Jibao-an,,10.76206112,122.4962845,,,,,
STP5421,Mnhs canteen,,10.71825027,122.5443878,,,,,
STP5422,San Miguel,,10.76377773,122.4941788,,,,,
STP5423,San Jose,,10.7655859,122.4921646,,,,,
STP5424,San Miguel,,10.77841759,122.4640732,,,,,
STP5425,San Miguel,,10.77834511,122.46978,,,,,
STP5501,Jaro,,10.73782539,122.5620804,,,,,
STP5502,Jaro,,10.74546623,122.5669327,,,,,
STP5503,Jaro,,10.74117184,122.563942,,,,,
STP5504,Jaro,,10.73040104,122.5591583,,,,,
STP5505,La Paz,,10.71057987,122.5705185,,,,,
STP5506,La Paz,,10.71307278,122.5683899,,,,,
STP5507,Jaro,,10.7500267,122.5699387,,,,,
STP5508,Guihaman,,10.77654648,122.5848541,,,,,
STP5509,Guihaman,,10.77962875,122.584877,,,,,
STP5510,Jaro,,10.75351715,122.572113,,,,,
STP5511,Jaro,,10.76781464,122.5816193,,,,,
STP5512,Jaro,,10.77200317,122.5842133,,,,,
STP5513,Guihaman,,10.7831049,122.5869293,,,,,
STP5514,Poblacion,,10.78581524,122.5886612,,,,,
STP5515,Jaro,,10.73308277,122.5601273,,,,,
STP5516,GECO Philippines,,10.72824669,122.5564117,,,,,
STP5517,La Paz,,10.71555805,122.5665588,,,,,
STP5518,The Lodge,,10.72004318,122.5622482,,,,,
STP5519,Jaro,,10.75714111,122.5746002,,,,,
STP5520,Dunkin Donuts,,10.7612915,122.5774612,,,,,
STP5521,Jaro,,10.72378349,122.5571823,,,,,
STP5522,Jaro,,10.72190094,122.5602036,,,,,
STP5523,Jaro,,10.71793461,122.5643845,,,,,
STP5524,Jaro,,10.76371288,122.5788956,,,,,
STP0201,Molo,,10.68389491,122.5427022,,,,,
STP0202,Molo,,10.68183156,122.5383927,,,,,
STP0203,Villa de Arevalo,,10.6801956,122.5177911,,,,,
STP0204,Molo,,10.68599696,122.5454343,,,,,
STP0205,Molo,,10.68939335,122.5485435,,,,,
STP0206,City Proper,,10.69581454,122.5690028,,,,,
STP0207,Molo,,10.69239458,122.5524588,,,,,
STP0208,Sanitas,,10.68131168,122.5341128,,,,,
STP0209,Arevalo Police Station,,10.68773497,122.5165464,,,,,
STP0210,Villa de Arevalo,,10.6809052,122.5306619,,,,,
STP0211,Molo,,10.69203811,122.5497357,,,,,
STP0212,City Proper,,10.69268844,122.5691326,,,,,
STP0213,Villa de Arevalo,,10.68395842,122.516977,,,,,
STP0214,Villa de Arevalo,,10.68033349,122.5217727,,,,,
STP0215,Villa de Arevalo,,10.68056581,122.5249987,,,,,
STP0216,City Proper,,10.69224337,122.5719109,,,,,
STP0217,City Proper,,10.69406585,122.5609384,,,,,
STP0218,Royale Business Club ILOILO BRANCH,,10.69558354,122.5658309,,,,,
STP0219,Phoenix Super LPG,,10.69325427,122.5583441,,,,,
STP2301,Mandurriao,,10.71468304,122.545862,,,,,
STP2302,Mandurriao,,10.71792963,122.5525327,,,,,
STP2303,Villa de Arevalo,,10.6889092,122.5215766,,,,,
STP2304,Mandurriao,,10.71383311,122.5521825,,,,,
STP2305,Mandurriao,,10.70878848,122.5496308,,,,,
STP2306,Villa de Arevalo,,10.6889941,122.524478,,,,,
STP2307,Villa de Arevalo,,10.68889725,122.5283043,,,,,
STP2308,Molo,,10.69069113,122.5323469,,,,,
STP2309,Villa de Arevalo,,10.69320174,122.5004268,,,,,
STP2310,Villa de Arevalo,,10.69195979,122.5045924,,,,,
STP2311,Villa de Arevalo,,10.69127057,122.5079845,,,,,
STP2312,Villa de Arevalo,,10.68921409,122.5158825,,,,,
STP2313,Mandurriao,,10.70203462,122.5433203,,,,,
STP2314,Mandurriao,,10.70478496,122.5435931,,,,,
STP2315,BIR Revenue,,10.69768658,122.5474596,,,,,
STP2316,Villa de Arevalo,,10.69060975,122.5107528,,,,,
STP2317,Molo,,10.69233303,122.5355402,,,,,
STP2318,Molo,,10.69439864,122.5385675,,,,,
STP2319,Molo,,10.69637674,122.5418326,,,,,
STP2320,Molo,,10.69792893,122.5443319,,,,,
STP0601,Tiu Cho Teg - Ana Ros Foundation Integrated School,,10.77261065,122.5695376,,,,,
STP0602,Jaro,,10.76408078,122.5641723,,,,,
STP0603,Jaro,,10.753872,122.5587683,,,,,
STP0604,Jaro,,10.75574852,122.5541752,,,,,
STP0605,Mandurriao,,10.71664734,122.55301,,,,,
STP0606,City Proper,,10.69304398,122.5557344,,,,,
STP0607,Oppo Service Center,,10.70031451,122.5539073,,,,,
STP0608,Mandurriao,,10.70310255,122.5531357,,,,,
STP0609,Jaro,,10.74978824,122.5531768,,,,,
STP0610,Jaro,,10.74720938,122.5549671,,,,,
STP0611,Molo,,10.69710297,122.5546655,,,,,
STP0612,Mandurriao,,10.70623374,122.5526277,,,,,
STP0613,Jaro,,10.74553853,122.5573068,,,,,
STP0614,Mandurriao,,10.7138263,122.5521848,,,,,
STP0615,Jaro,,10.74239347,122.5613011,,,,,
STP0616,Jaro,,10.7395428,122.5630801,,,,,
STP0617,Hyundai Iloilo,,10.73693187,122.56149,,,,,
STP0618,Jaro,,10.71366387,122.5550964,,,,,
STP0619,Jaro,,10.71506161,122.5574719,,,,,
STP0620,TLC-Saladmaster,,10.70920384,122.5508124,,,,,
STP0621,Pen Bank,,10.73396387,122.5604896,,,,,
STP0622,We Academy,,10.73138323,122.5596186,,,,,
STP0623,Jaro,,10.72913891,122.5572046,,,,,
STP0624,Cornerstone Pet Hospital,,10.71726005,122.5593974,,,,,
STP0625,Jaro,,10.72468304,122.5539935,,,,,
STP0626,Petron,,10.72622251,122.5562496,,,,,
STP0627,Wawa Carinderia,,10.72283975,122.5578137,,,,,
STP0628,Jaro,,10.71968928,122.5618161,,,,,
STP0701,Molo,,10.69205488,122.5438418,,,,,
STP0702,Molo,,10.69615379,122.5513419,,,,,
STP0703,Molo,,10.69584738,122.5481398,,,,,
STP0704,City Proper,,10.69662724,122.5553982,,,,,
STP0705,Pharmako Drugmart,,10.6969084,122.5591528,,,,,
STP0706,City Proper,,10.69268704,122.5721931,,,,,
STP0707,Molo,,10.69645191,122.5418286,,,,,
STP0708,Molo,,10.68836125,122.5386649,,,,,
STP0709,Molo,,10.68864981,122.5352505,,,,,
STP0710,Molo,,10.6944027,122.5385699,,,,,
STP0711,BDO,,10.69417034,122.5691132,,,,,
STP0712,Molo,,10.69571198,122.5445534,,,,,
STP0713,I. Arroyo Elementary School,,10.69162979,122.5344368,,,,,
STP0714,City Proper,,10.69575173,122.5616373,,,,,
STP0715,City Proper,,10.69315474,122.5629516,,,,,
STP0716,City Proper,,10.69554339,122.5646861,,,,,
STP0101,Lapuz,,10.69643196,122.5851941,,,,,
STP0102,Lapuz,,10.69882978,122.5820305,,,,,
STP0103,Lapuz,,10.70098752,122.5792937,,,,,
STP0104,Milagrosa Shipping Lines,,10.70094992,122.5791754,,,,,
STP0105,Jalandoni Memorial Elementary School,,10.70186899,122.5744691,,,,,
STP0106,City Proper,,10.70224814,122.5695093,,,,,
STP0107,City Proper,,10.69720069,122.5689765,,,,,
STP0108,City Proper,,10.69220845,122.5694829,,,,,
STP0109,City Proper,,10.69220845,122.5694829,,,,,
STP0110,The Atrium,,10.70151094,122.5682457,,,,,
STP0111,Lapuz,,10.70171585,122.5742266,,,,,
STP0112,Milagrosa Shipping Lines ,,10.70094992,122.5791754,,,,,
STP0113,Lapuz,,10.70098752,122.5792937,,,,,
STP0114,Lapuz,,10.69882978,122.5820305,,,,,
STP0115,Lapuz,,10.69643196,122.5851941,,,,,
STP0116,Lapuz,,10.6996016,122.5876383,,,,,
STP0301,Jaro,,10.74629157,122.5392603,,,,,
STP0302,Jaro,,10.74204711,122.5396071,,,,,
STP0303,BF store,,10.74064745,122.5408533,,,,,
STP0304,Dimatulac Medical & Dental Clinic,,10.73849661,122.5432789,,,,,
STP0305,Jonchris laundry shop,,10.73575976,122.5460859,,,,,
STP0306,Central Philippine University,,10.73340728,122.5488751,,,,,
STP0307,Central Philippine University,,10.73244887,122.5499782,,,,,
STP0308,Jaro,,10.72913512,122.5539219,,,,,
STP0309,Jaro,,10.72677638,122.5560368,,,,,
STP0310,Jaro,,10.72388637,122.5568746,,,,,
STP0311,MARINA,,10.72178356,122.5587453,,,,,
STP0312,Jaro,,10.71995565,122.559981,,,,,
STP0313,Rose Pharmacy,,10.71659539,122.5621506,,,,,
STP0314,Iloilo National High School,,10.71466824,122.563359,,,,,
STP0315,West Visayas State University,,10.71237634,122.564593,,,,,
STP0316,La Paz,,10.70978868,122.566219,,,,,
STP0317,Gaisano Capitol,,10.70720785,122.567076,,,,,
STP0318,City Proper,,10.70404018,122.5678832,,,,,
STP0319,Bank of Commerce,,10.70085381,122.568956,,,,,
STP0320,UnionBank,,10.69831103,122.5691888,,,,,
STP0321,City Proper,,10.69625123,122.569446,,,,,
STP0322,City Proper,,10.69380112,122.571362,,,,,
STP0323,City Proper,,10.69213154,122.574002,,,,,
STP0324,City Proper,,10.69045318,122.5770346,,,,,
STP0325,City Proper,,10.68838593,122.5798964,,,,,
STP0326,City Proper,,10.69166873,122.5825471,,,,,
STP0327,City Proper,,10.69220305,122.5827871,,,,,
STP0328,City Proper,,10.68838593,122.5798964,,,,,
STP0329,City Proper,,10.69045318,122.5770346,,,,,
STP0330,City Proper,,10.69157106,122.5739608,,,,,
STP0331,City Proper,,10.69380112,122.571362,,,,,
STP0332,City Proper,,10.69595109,122.5694724,,,,,
STP0333,BPI,,10.69940907,122.5691839,,,,,
STP0334,City Proper,,10.70251712,122.5681679,,,,,
STP0335,Gaisano Capitol,,10.70720785,122.567076,,,,,
STP0336,La Paz,,10.70976403,122.5664512,,,,,
STP0337,La Paz,,10.71198381,122.5650677,,,,,
STP0338,West Visayas State University,,10.71440711,122.5633408,,,,,
STP0339,Rose Pharmacy,,10.71659539,122.5621506,,,,,
STP0340,Jaro,,10.71995565,122.559981,,,,,
STP0341,MARINA,,10.72178356,122.5587453,,,,,
STP0342,Jaro,,10.72514942,122.5575019,,,,,
STP0343,GECO Philippines,,10.72783907,122.5558845,,,,,
STP0344,Jaro,,10.73064062,122.5521272,,,,,
STP0345,Central Philippine University,,10.73244887,122.5499782,,,,,
STP0346,Jaro,,10.73479021,122.5472573,,,,,
STP0347,Buendia's,,10.73697154,122.5449682,,,,,
STP0348,BF store,,10.74064745,122.5408533,,,,,
STP0349,Jaro,,10.74204711,122.5396071,,,,,
STP0350,Jaro,,10.74629157,122.5392603,,,,,
STP0401,Jaro,,10.74628428,122.5392494,,,,,
STP0402,Jaro,,10.73954069,122.5382906,,,,,
STP0403,Jaro,,10.73735488,122.5381074,,,,,
STP0404,Jaro,,10.73178463,122.5416242,,,,,
STP0405,Jaro,,10.73178463,122.5416242,,,,,
STP0406,Jaro,,10.72917135,122.544828,,,,,
STP0407,Jaro,,10.72907197,122.5455138,,,,,
STP0408,Jaro,,10.72504862,122.549735,,,,,
STP0409,Mandurriao,,10.7189288,122.5480651,,,,,
STP0410,Mandurriao,,10.71921419,122.5511882,,,,,
STP0411,Mandurriao,,10.71636719,122.5526733,,,,,
STP0412,SM Strata Twin Towers,,10.71319413,122.5525618,,,,,
STP0413,Mandurriao,,10.70876427,122.5515988,,,,,
STP0414,Mandurriao,,10.7062251,122.5526309,,,,,
STP0415,Mandurriao,,10.70310472,122.5534923,,,,,
STP0416,Oppo Service Center,,10.70032228,122.5538999,,,,,
STP0417,Iloilo Doctors' Hospital,,10.69707155,122.5546513,,,,,
STP0418,Molo,,10.69381237,122.5550813,,,,,
STP0419,City Proper,,10.69326704,122.5583545,,,,,
STP0420,Colegio de las Hijas de Jesus,,10.69444753,122.5627734,,,,,
STP0421,Pan de Manila,,10.69439354,122.5646628,,,,,
STP0422,Pan de Manila,,10.69439354,122.5646628,,,,,
STP0423,City Proper,,10.69340268,122.5669367,,,,,
STP0424,City Proper,,10.69674481,122.5678469,,,,,
STP0425,City Proper,,10.69766546,122.564391,,,,,
STP0426,City Dorm,,10.69724379,122.5613016,,,,,
STP0427,City Proper,,10.69661634,122.5554264,,,,,
STP0428,Molo,,10.69616146,122.5547835,,,,,
STP0429,Molo,,10.69910351,122.5543445,,,,,
STP0430,Mandurriao,,10.70300865,122.5531555,,,,,
STP0431,Mandurriao,,10.7062251,122.5526309,,,,,
STP0432,Mandurriao,,10.70876427,122.5515988,,,,,
STP0433,Mandurriao,,10.71184915,122.5516299,,,,,
STP0434,Mandurriao,,10.71636719,122.5526733,,,,,
STP0435,Mandurriao,,10.71793799,122.5525286,,,,,
STP0436,Mandurriao,,10.7189288,122.5480651,,,,,
STP0437,Jaro,,10.72458159,122.5493469,,,,,
STP0438,Jaro,,10.72907197,122.5455138,,,,,
STP0439,Jaro,,10.72917135,122.544828,,,,,
STP0440,Jaro,,10.73178463,122.5416242,,,,,
STP0441,Jaro,,10.73178463,122.5416242,,,,,
STP0442,Jaro,,10.73736744,122.538424,,,,,
STP0443,Jaro,,10.73954069,122.5382906,,,,,
STP0444,Jaro,,10.74628428,122.5392494,,,,,
STP0501,Festive Walk Transport Hub,,10.71729384,122.5471107,,,,,
STP0502,Mandurriao,,10.71358718,122.5521444,,,,,
STP0503,Mandurriao,,10.70877857,122.5516145,,,,,
STP0504,University of San Agustin,,10.70002794,122.5618329,,,,,
STP0505,The Atrium,,10.7015054,122.5683627,,,,,
STP0506,City Proper,,10.6972522,122.56901,,,,,
STP0507,City Proper,,10.6927191,122.5690925,,,,,
STP0508,City Proper,,10.69273312,122.5722258,,,,,
STP0509,City Proper,,10.6927191,122.5690925,,,,,
STP0510,City Proper,,10.6972522,122.56901,,,,,
STP0511,University of San Agustin,,10.70002794,122.5618329,,,,,
STP0512,Mandurriao,,10.70877857,122.5516145,,,,,
STP0513,Mandurriao,,10.71358718,122.5521444,,,,,
STP0514,7-Eleven,,10.7073614,122.5480909,,,,,
STP0515,Mandurriao,,10.70769377,122.54284,,,,,
STP0516,Mandurriao,,10.71448564,122.5457798,,,,,
STP0801,City Proper,,10.69226034,122.5828125,,,,,
STP0802,City Proper,,10.69207633,122.5739679,,,,,
STP0803,City Proper,,10.69197435,122.5699844,,,,,
STP0804,City Proper,,10.69343972,122.5655484,,,,,
STP0805,Berlin Pharmacy,,10.69626838,122.5549258,,,,,
STP0806,Goodyear Servitek,,10.70035848,122.5538836,,,,,
STP0807,Mandurriao,,10.70882633,122.5515805,,,,,
STP0808,Mandurriao,,10.71384016,122.5521813,,,,,
STP0809,Mandurriao,,10.71384016,122.5521813,,,,,
STP0810,Mandurriao,,10.70882633,122.5515805,,,,,
STP0811,Goodyear Servitek,,10.70035848,122.5538836,,,,,
STP0812,Berlin Pharmacy,,10.69626838,122.5549258,,,,,
STP0813,City Proper,,10.69200051,122.5681747,,,,,
STP0814,City Proper,,10.69207633,122.5739679,,,,,
STP0815,City Proper,,10.69226034,122.5828125,,,,,
STP0901,Mohon Southern Terminal,,10.693312,122.4999743,,,,,
STP0902,Villa de Arevalo,,10.69196403,122.5046097,,,,,
STP0903,Villa de Arevalo,,10.6906204,122.5102618,,,,,
STP0904,Panaderia de Iloilo;Panaderia de iloilo,,10.68960211,122.5144766,,,,,
STP0905,Villa de Arevalo,,10.68885333,122.5180204,,,,,
STP0906,Villa de Arevalo,,10.68899918,122.5213454,,,,,
STP0907,Villa de Arevalo,,10.68913417,122.5241593,,,,,
STP0908,Villa de Arevalo,,10.68890699,122.5282769,,,,,
STP0909,Molo,,10.69102414,122.5329201,,,,,
STP0910,Molo,,10.69358422,122.5372872,,,,,
STP0911,Molo,,10.69522755,122.5397857,,,,,
STP0912,Cebuana Lhuillier,,10.69698126,122.5428222,,,,,
STP0913,EDJ Auto Supply,,10.69678371,122.5458914,,,,,
STP0914,Molo,,10.6989571,122.547454,,,,,
STP0915,Pub Express,,10.69935176,122.5503146,,,,,
STP0916,i.mart,,10.6993497,122.5514447,,,,,
STP0917,University of the Philippines Visayas,,10.69988837,122.5558301,,,,,
STP0918,Tuburan Study Center,,10.70023116,122.5595551,,,,,
STP0919,University of San Agustin,,10.7008338,122.5636787,,,,,
STP0920,Iloilo Central Elementary School,,10.70112068,122.5655725,,,,,
STP0921,City Proper,,10.70154577,122.5686045,,,,,
STP0922,Toto Batchoy,,10.69823956,122.5689686,,,,,
STP0923,City Proper,,10.69592106,122.5695331,,,,,
STP0924,City Proper,,10.69361365,122.5713542,,,,,
STP0925,City Proper,,10.69273683,122.572229,,,,,
STP0926,City Proper,,10.69201551,122.5686926,,,,,
STP0927,City Proper,,10.69578369,122.5678749,,,,,
STP0928,City Proper,,10.69785634,122.5658155,,,,,
STP0929,Pan de Manila,,10.69440571,122.5646683,,,,,
STP0930,City Proper,,10.69402026,122.5608022,,,,,
STP0931,Espiranza Gymnasium,,10.69338443,122.5584444,,,,,
STP0932,City Proper,,10.69389194,122.5561972,,,,,
STP0933,City Proper,,10.69791761,122.5547359,,,,,
STP0934,i.mart,,10.6993497,122.5514447,,,,,
STP0935,Molo,,10.69917198,122.5487293,,,,,
STP0936,Molo,,10.69793736,122.5443697,,,,,
STP0937,Molo,,10.69674199,122.5421289,,,,,
STP0938,Molo,,10.69522755,122.5397857,,,,,
STP0939,Molo,,10.692478,122.5354631,,,,,
STP0940,Molo,,10.68971816,122.5301951,,,,,
STP0941,Villa de Arevalo,,10.68886295,122.5264392,,,,,
STP0942,Villa de Arevalo,,10.6889092,122.5215391,,,,,
STP0943,Villa de Arevalo,,10.68896229,122.5189024,,,,,
STP0944,Villa de Arevalo,,10.6888283,122.5171652,,,,,
STP0945,Villa de Arevalo,,10.68992695,122.5132063,,,,,
STP0946,Villa de Arevalo,,10.69176781,122.506482,,,,,
STP0947,Villa de Arevalo,,10.692608,122.5025918,,,,,
STP1001,Jaro,,10.77099587,122.5834731,,,,,
STP1002,Jaro,,10.76783384,122.5817506,,,,,
STP1003,Jaro,,10.76413203,122.5793754,,,,,
STP1004,Jaro,,10.76179734,122.5776187,,,,,
STP1005,Jaro,,10.7577588,122.5750075,,,,,
STP1006,Ceres Iloilo North Bus Terminal,,10.75424177,122.5725114,,,,,
STP1007,Jaro,,10.74863404,122.5689816,,,,,
STP1008,Jaro,,10.74548955,122.5667774,,,,,
STP1009,Jaro,,10.74386977,122.5658651,,,,,
STP1010,Jaro,,10.7395428,122.5630888,,,,,
STP1011,Jaro,,10.73675259,122.5615761,,,,,
STP1012,Vista Inn,,10.7332425,122.5600835,,,,,
STP1013,Jaro,,10.73042007,122.559305,,,,,
STP1014,GECO Philippines,,10.72832338,122.5563571,,,,,
STP1015,Jaro,,10.72534945,122.5567159,,,,,
STP1016,Casa Tentay,,10.72209797,122.5600002,,,,,
STP1017,Jaro,,10.71989026,122.5623897,,,,,
STP1018,Rose Pharmacy,,10.71662512,122.5621269,,,,,
STP1019,La Paz,,10.71461571,122.5633842,,,,,
STP1020,La Paz,,10.71241951,122.5646239,,,,,
STP1021,I-Mart la paz,,10.70978364,122.5664521,,,,,
STP1022,Gaisano Capitol,,10.70724458,122.5670422,,,,,
STP1023,City Proper,,10.70391361,122.5678935,,,,,
STP1024,City Proper,,10.7014758,122.5670026,,,,,
STP1025,City Proper,,10.70095472,122.5632928,,,,,
STP1026,Vital skin gluta,,10.69750581,122.5616478,,,,,
STP1027,City Proper,,10.6944961,122.5616267,,,,,
STP1028,City Proper,,10.69290678,122.564796,,,,,
STP1029,Ilonggos Paint,,10.6918956,122.5687574,,,,,
STP1030,City Proper,,10.69315536,122.5714839,,,,,
STP1031,City Proper,,10.69315536,122.5714839,,,,,
STP1032,City Proper,,10.69219875,122.5694615,,,,,
STP1033,Robinsons Place Iloilo Carpark,,10.69332079,122.5656581,,,,,
STP1034,City Proper,,10.69582214,122.5678687,,,,,
STP1035,Carl E. Balita Review Center,,10.70075915,122.5677465,,,,,
STP1036,City Proper,,10.70391361,122.5678935,,,,,
STP1037,La Paz,,10.70872783,122.5667313,,,,,
STP1038,La Paz,,10.71050206,122.5657491,,,,,
STP1039,Iloilo National High School,,10.71361717,122.5640634,,,,,
STP1040,Jaro,,10.71611544,122.5622832,,,,,
STP1041,The Lodge,,10.71898216,122.5633307,,,,,
STP1042,Casa Tentay,,10.72209797,122.5600002,,,,,
STP1043,Archbishop's Residence,,10.72371257,122.558503,,,,,
STP1044,Jaro,,10.72671619,122.5561142,,,,,
STP1045,Jaro,,10.73042007,122.559305,,,,,
STP1046,Vista Inn,,10.7332425,122.5600835,,,,,
STP1047,Jaro,,10.73675259,122.5615761,,,,,
STP1048,Jaro,,10.7395428,122.5630888,,,,,
STP1049,Jaro,,10.74386977,122.5658651,,,,,
STP1050,Jaro,,10.74514001,122.5667185,,,,,
STP1051,Jaro,,10.74863404,122.5689816,,,,,
STP1052,Jaro,,10.75366931,122.5723332,,,,,
STP1053,Jaro,,10.7577588,122.5750075,,,,,
STP1054,Jaro,,10.75986855,122.5763458,,,,,
STP1055,City Mall Tagbak,,10.76284261,122.578522,,,,,
STP1056,Jaro,,10.76601825,122.5804353,,,,,
STP1057,Jaro,,10.7692467,122.5825739,,,,,
STP1101,La Paz,,10.71735739,122.5800168,,,,,
STP1102,La Paz,,10.71391496,122.5811231,,,,,
STP1103,La Paz,,10.7139808,122.5751481,,,,,
STP1104,Jaro,,10.72045279,122.565518,,,,,
STP1105,La Paz,,10.70912736,122.5686119,,,,,
STP1106,City Proper,,10.70247189,122.5681665,,,,,
STP1107,BDO,,10.69533103,122.5656275,,,,,
STP1108,City Proper,,10.69743055,122.5691291,,,,,
STP1109,City Proper,,10.69288784,122.5727932,,,,,
STP1110,City Proper,,10.69630113,122.5694031,,,,,
STP1111,City Proper,,10.70247189,122.5681665,,,,,
STP1112,La Paz,,10.7139808,122.5751481,,,,,
STP1113,La Paz,,10.71383563,122.5808984,,,,,
STP1114,La Paz,,10.71735739,122.5800168,,,,,
STP1201,Mandurriao,,10.71469825,122.5382284,,,,,
STP1202,Mandurriao,,10.71731681,122.5471063,,,,,
STP1203,Mandurriao,,10.71792258,122.5525259,,,,,
STP1204,SM Strata Twin Towers,,10.71317669,122.5525267,,,,,
STP1205,Mandurriao,,10.70860988,122.5523442,,,,,
STP1206,Mandurriao,,10.70308643,122.5531406,,,,,
STP1207,City Proper,,10.6944396,122.5627316,,,,,
STP1208,BDO,,10.69531453,122.5656187,,,,,
STP1209,Marymart Center,,10.6967931,122.5678652,,,,,
STP1210,Marymart Center,,10.6967931,122.5678652,,,,,
STP1211,City Proper,,10.70037356,122.5592512,,,,,
STP1212,168 Platinum Square,,10.69998789,122.5550855,,,,,
STP1213,Mandurriao,,10.70308643,122.5531406,,,,,
STP1214,Mandurriao,,10.70860988,122.5523442,,,,,
STP1215,Mandurriao,,10.71185766,122.5516296,,,,,
STP1216,Mandurriao,,10.71792258,122.5525259,,,,,
STP1301,Hibao-an Norte,,10.74003204,122.517166,,,,,
STP1302,Hibao-an Norte,,10.73830948,122.5185227,,,,,
STP1303,Hibao-an Norte,,10.73615538,122.5201279,,,,,
STP1304,Hibao-an Norte,,10.73285037,122.5226851,,,,,
STP1305,Mandurriao,,10.73089156,122.5242097,,,,,
STP1306,Mandurriao,,10.7289507,122.5257309,,,,,
STP1307,Mandurriao,,10.72633466,122.5279068,,,,,
STP1308,Mandurriao,,10.72410884,122.5297483,,,,,
STP1309,Mandurriao,,10.72218077,122.5323195,,,,,
STP1310,Mandurriao,,10.71872345,122.5364987,,,,,
STP1311,Palawan Pawnshop,,10.71679865,122.5371141,,,,,
STP1312,Mandurriao,,10.71467813,122.5382465,,,,,
STP1313,Mandurriao,,10.71198877,122.5399662,,,,,
STP1314,Mandurriao,,10.7091506,122.5417926,,,,,
STP1315,Mandurriao,,10.70702817,122.5427299,,,,,
STP1316,Mandurriao,,10.70351811,122.5440289,,,,,
STP1317,Molo,,10.69928658,122.5425337,,,,,
STP1318,Molo,,10.69790169,122.5442721,,,,,
STP1319,BIR Revenue Region № 11,,10.69763332,122.5473772,,,,,
STP1320,Molo,,10.6992248,122.5505446,,,,,
STP1321,University of the Philippines Visayas,,10.69987971,122.5557514,,,,,
STP1322,Cold Zone Gaming Hub - San Agustin Branch,,10.69989599,122.5616887,,,,,
STP1323,City Proper,,10.69772252,122.5617884,,,,,
STP1324,Colegio de las Hijas de Jesus,,10.69490436,122.5617537,,,,,
STP1325,Colegio de las Hijas de Jesus,,10.69496795,122.5638695,,,,,
STP1326,City Proper,,10.69599915,122.5672003,,,,,
STP1327,City Proper,,10.69383891,122.5689865,,,,,
STP1328,City Proper,,10.69196164,122.571888,,,,,
STP1329,City Proper,,10.69196164,122.571888,,,,,
STP1330,City Proper,,10.69383891,122.5689865,,,,,
STP1331,City Proper,,10.69593622,122.5691223,,,,,
STP1332,Royale Business Club ILOILO BRANCH,,10.69551948,122.5657146,,,,,
STP1333,City Proper,,10.69446186,122.5628056,,,,,
STP1334,7-Eleven,,10.69756467,122.5616665,,,,,
STP1335,University of San Agustin,,10.69997478,122.561834,,,,,
STP1336,Tuburan Study Center,,10.70010725,122.5583655,,,,,
STP1337,Pub Express,,10.69950559,122.551517,,,,,
STP1338,Molo,,10.69917978,122.5488259,,,,,
STP1339,Molo,,10.69845031,122.5453832,,,,,
STP1340,Molo Ⅱ Elementary School,,10.69637985,122.5439911,,,,,
STP1341,Molo,,10.69928658,122.5425337,,,,,
STP1342,Mandurriao,,10.70351811,122.5440289,,,,,
STP1343,Mandurriao,,10.70702817,122.5427299,,,,,
STP1344,Mandurriao,,10.7091506,122.5417926,,,,,
STP1345,Mandurriao,,10.71138212,122.5403699,,,,,
STP1346,Mandurriao,,10.71467813,122.5382465,,,,,
STP1347,Palawan Pawnshop,,10.71679865,122.5371141,,,,,
STP1348,Mandurriao,,10.71872345,122.5364987,,,,,
STP1349,Mandurriao,,10.721195,122.5334658,,,,,
STP1350,Mandurriao,,10.72314892,122.5308864,,,,,
STP1351,Mandurriao,,10.72433364,122.5296932,,,,,
STP1352,Mandurriao,,10.72711943,122.5272176,,,,,
STP1353,Car Rentals Iloilo (Deluxe),,10.73001299,122.524897,,,,,
STP1354,Hibao-an Integrated School,,10.73170219,122.523574,,,,,
STP1355,Lee store,,10.7340187,122.5216239,,,,,
STP1356,Hibao-an Norte,,10.73618673,122.5199213,,,,,
STP1401,Hibao-an Norte,,10.73860464,122.5181312,,,,,
STP1402,Hibao-an Norte,,10.73275488,122.5227667,,,,,
STP1403,Mandurriao,,10.72413388,122.5297209,,,,,
STP1404,Mandurriao,,10.71789562,122.5373852,,,,,
STP1405,McDonald's,,10.71798814,122.5419241,,,,,
STP1406,Mandurriao,,10.7183829,122.5466122,,,,,
STP1407,Mandurriao,,10.71885181,122.5471478,,,,,
STP1408,Mandurriao,,10.7138523,122.5521927,,,,,
STP1409,Ledi Supermart,,10.7242744,122.5581542,,,,,
STP1410,Ledi Supermart,,10.7242744,122.5581542,,,,,
STP1411,Mandurriao,,10.71731769,122.5470862,,,,,
STP1412,Mnhs canteen,,10.71820466,122.5437807,,,,,
STP1413,Mandurriao,,10.71783773,122.5396756,,,,,
STP1414,Mandurriao,,10.72413388,122.5297209,,,,,
STP1415,Hibao-an Norte,,10.73275488,122.5227667,,,,,
STP1416,Hibao-an Norte,,10.73860464,122.5181312,,,,,
STP1501,Molo Elementary School,,10.69636914,122.5440245,,,,,
STP1502,Molo,,10.69332812,122.5468551,,,,,
STP1503,Molo,,10.69223923,122.5518572,,,,,
STP1504,City Proper,,10.69304299,122.5557593,,,,,
STP1505,Immaculate Concepcion Parish Church,,10.69343685,122.5595026,,,,,
STP1506,City Proper,,10.69579617,122.567166,,,,,
STP1507,City Proper,,10.69198598,122.5700864,,,,,
STP1508,Plaza Libertad Medical Specialist Center,,10.69248053,122.5730289,,,,,
STP1509,City Proper,,10.69198598,122.5700864,,,,,
STP1510,City Proper,,10.69596929,122.5691251,,,,,
STP1511,Colegio de las Hijas de Jesus,,10.69456734,122.5625694,,,,,
STP1512,Immaculate Concepcion Parish Church,,10.69343685,122.5595026,,,,,
STP1513,City Proper,,10.69304299,122.5557593,,,,,
STP1514,Molo,,10.69223923,122.5518572,,,,,
STP1515,Molo,,10.69224821,122.5481273,,,,,
STP1516,Molo,,10.6957889,122.5445981,,,,,
STP1517,Molo,,10.699144,122.5486744,,,,,
STP1518,Molo  Elementary School,,10.69636914,122.5440245,,,,,
STP1601,Jaro,,10.75332477,122.5905041,,,,,
STP1602,Jaro,,10.74924918,122.5889492,,,,,
STP1603,Jaro,,10.7392917,122.5793246,,,,,
STP1604,Jaro,,10.73726906,122.5748244,,,,,
STP1605,Jaro,,10.73525424,122.5707599,,,,,
STP1606,Jaro,,10.73158999,122.564048,,,,,
STP1607,Jaro,,10.72994755,122.559491,,,,,
STP1608,GECO Philippines,,10.72830936,122.5563649,,,,,
STP1609,Jaro,,10.72378528,122.5570228,,,,,
STP1610,Ledi Supermart,,10.7243207,122.5581318,,,,,
STP1611,Jaro,,10.72994755,122.559491,,,,,
STP1612,Jaro,,10.73073569,122.5625464,,,,,
STP1613,Jaro,,10.73525424,122.5707599,,,,,
STP1614,Jaro,,10.73726906,122.5748244,,,,,
STP1615,Jaro,,10.73849179,122.5773631,,,,,
STP1616,Jaro,,10.7492942,122.5888378,,,,,
STP1617,Jaro,,10.75332477,122.5905041,,,,,
STP1701,Villa de Arevalo,,10.68024345,122.5170435,,,,,
STP1702,Villa de Arevalo,,10.68013784,122.5131966,,,,,
STP1703,Villa de Arevalo,,10.6798919,122.5084111,,,,,
STP1704,Villa de Arevalo,,10.67979461,122.504977,,,,,
STP1705,Villa de Arevalo,,10.68010397,122.5024916,,,,,
STP1706,Villa de Arevalo,,10.68391828,122.5003623,,,,,
STP1707,Villa de Arevalo,,10.68626157,122.500652,,,,,
STP1708,Villa de Arevalo,,10.68649392,122.5052565,,,,,
STP1709,Villa de Arevalo,,10.68583102,122.5100339,,,,,
STP1710,ABP Motors Villa,,10.68682203,122.515577,,,,,
STP1711,HD Agrivet Supply,,10.68739115,122.5192223,,,,,
STP1712,Villa de Arevalo,,10.68817805,122.5247592,,,,,
STP1713,Villa de Arevalo,,10.68846704,122.5262715,,,,,
STP1714,Total line air conditioning,,10.68978573,122.53002,,,,,
STP1715,Molo,,10.69101665,122.5328992,,,,,
STP1716,Molo,,10.69353903,122.5372713,,,,,
STP1717,Molo,,10.69525795,122.539811,,,,,
STP1718,Molo,,10.69706623,122.5426606,,,,,
STP1719,EDJ Auto Supply,,10.69681311,122.5459758,,,,,
STP1720,Molo,,10.69895693,122.5474146,,,,,
STP1721,Molo,,10.69922484,122.5504729,,,,,
STP1722,168 Platinum Square,,10.69999575,122.5550093,,,,,
STP1723,University of the Philippines Visayas,,10.6998502,122.555801,,,,,
STP1724,Tuburan Study Center,,10.70021021,122.5594564,,,,,
STP1725,City Proper,,10.7009458,122.5632998,,,,,
STP1726,Iloilo Central Elementary School,,10.70111988,122.5656488,,,,,
STP1727,City Proper,,10.69818078,122.5663498,,,,,
STP1728,Erin's Family Pharmacy,,10.69601719,122.5663131,,,,,
STP1729,City Proper,,10.69182563,122.5676435,,,,,
STP1730,City Proper,,10.69193584,122.5710423,,,,,
STP1731,City Proper,,10.69174313,122.573305,,,,,
STP1732,City Proper,,10.69197593,122.5719676,,,,,
STP1733,City Proper,,10.69191703,122.5686879,,,,,
STP1734,City Proper,,10.69311875,122.5663756,,,,,
STP1735,Erin's Family Pharmacy,,10.69601719,122.5663131,,,,,
STP1736,Iloilo Central Elementary School,,10.70034459,122.564897,,,,,
STP1737,City Proper,,10.7009458,122.5632998,,,,,
STP1738,Tuburan Study Center,,10.70008114,122.5582382,,,,,
STP1739,University of the Philippines Visayas,,10.6998502,122.555801,,,,,
STP1740,Local Host,,10.6993496,122.5515036,,,,,
STP1741,Molo,,10.69919659,122.548805,,,,,
STP1742,Molo,,10.69792272,122.5442492,,,,,
STP1743,Molo,,10.69674135,122.5421052,,,,,
STP1744,Molo,,10.69525795,122.539811,,,,,
STP1745,Molo,,10.692446,122.535457,,,,,
STP1746,Molo,,10.68973648,122.5301901,,,,,
STP1747,Villa de Arevalo,,10.68866904,122.5272641,,,,,
STP1748,Villa de Arevalo,,10.68817805,122.5247592,,,,,
STP1749,HD Agrivet Supply,,10.68739115,122.5192223,,,,,
STP1750,Villa de Arevalo,,10.68549661,122.5168213,,,,,
STP1751,Villa de Arevalo,,10.68024345,122.5170435,,,,,
STP1801,Jaro,,10.77153681,122.5840537,,,,,
STP1802,Jaro,,10.76786319,122.5817841,,,,,
STP1803,Iloilo Society Commercial,,10.76400076,122.5792797,,,,,
STP1804,Jaro,,10.76174193,122.577432,,,,,
STP1805,Balantang Gym,,10.75646475,122.5743106,,,,,
STP1806,Ceres Iloilo North Bus Terminal,,10.75422465,122.5725266,,,,,
STP1807,Jaro,,10.74964123,122.5707717,,,,,
STP1808,Jaro,,10.74633341,122.5767157,,,,,
STP1809,Jaro,,10.74049452,122.582236,,,,,
STP1810,Jaro,,10.73907296,122.5818242,,,,,
STP1811,Jaro,,10.73299176,122.579483,,,,,
STP1812,Jaro,,10.73240477,122.5795415,,,,,
STP1813,La Paz,,10.72567492,122.579188,,,,,
STP1814,La Paz,,10.72391407,122.5791458,,,,,
STP1815,La Paz,,10.7214271,122.5789084,,,,,
STP1816,La Paz,,10.71804729,122.5796122,,,,,
STP1817,La Paz,,10.71406292,122.5813622,,,,,
STP1818,Baldoza,,10.71180506,122.5835535,,,,,
STP1819,La Paz,,10.70656821,122.5882516,,,,,
STP1820,Lapuz,,10.70496147,122.5881928,,,,,
STP1821,Lapuz,,10.7023931,122.5867006,,,,,
STP1822,Lapuz,,10.69938486,122.5842524,,,,,
STP1823,Lapuz,,10.6987599,122.5818947,,,,,
STP1824,Lapuz,,10.70101852,122.5792315,,,,,
STP1825,Lapuz,,10.70160008,122.5767313,,,,,
STP1826,Lapuz,,10.70156156,122.5763583,,,,,
STP1827,Lapuz,,10.69753277,122.5739622,,,,,
STP1828,City Proper,,10.69359086,122.5713818,,,,,
STP1829,City Proper,,10.69220342,122.5695044,,,,,
STP1830,City Proper,,10.69503262,122.5707161,,,,,
STP1831,Lapuz,,10.69753277,122.5739622,,,,,
STP1832,Lapuz,,10.69770744,122.5742872,,,,,
STP1833,Lapuz,,10.70160008,122.5767313,,,,,
STP1834,Lapuz,,10.70101852,122.5792315,,,,,
STP1835,Lapuz,,10.69896885,122.5819767,,,,,
STP1836,Lapuz,,10.69938486,122.5842524,,,,,
STP1837,Lapuz,,10.7023931,122.5867006,,,,,
STP1838,Lapuz,,10.70496147,122.5881928,,,,,
STP1839,La Paz,,10.70656821,122.5882516,,,,,
STP1840,Baldoza,,10.71180506,122.5835535,,,,,
STP1841,Ticud Terminal,,10.71371892,122.5817443,,,,,
STP1842,La Paz,,10.71636197,122.5809979,,,,,
STP1843,La Paz,,10.7179849,122.5794354,,,,,
STP1844,La Paz,,10.72372979,122.5793121,,,,,
STP1845,La Paz,,10.72567492,122.579188,,,,,
STP1846,Jaro,,10.73240477,122.5795415,,,,,
STP1847,Jaro,,10.73299176,122.579483,,,,,
STP1848,Jaro,,10.73628035,122.5808874,,,,,
STP1849,Jaro,,10.74049452,122.582236,,,,,
STP1850,Jaro,,10.74633341,122.5767157,,,,,
STP1851,Jaro,,10.74979264,122.5710697,,,,,
STP1852,Jaro,,10.75371082,122.5723929,,,,,
STP1853,Balantang Gym,,10.75646475,122.5743106,,,,,
STP1854,Jaro,,10.75992179,122.5763797,,,,,
STP1855,City Mall Tagbak,,10.76271656,122.5784338,,,,,
STP1856,Jaro,,10.76786319,122.5817841,,,,,
STP1857,Jaro,,10.77082906,122.5836078,,,,,
STP1901,Jaro,,10.74085584,122.5829381,,,,,
STP1902,Jaro,,10.73902109,122.5817626,,,,,
STP1903,Jaro,,10.73289862,122.5794721,,,,,
STP1904,Jaro,,10.73235561,122.5795468,,,,,
STP1905,La Paz,,10.7256831,122.5792128,,,,,
STP1906,La Paz,,10.72397487,122.5791493,,,,,
STP1907,La Paz,,10.7213712,122.5789252,,,,,
STP1908,La Paz,,10.71813706,122.5788921,,,,,
STP1909,La Paz,,10.71813706,122.5788921,,,,,
STP1910,La Paz,,10.7213712,122.5789252,,,,,
STP1911,La Paz,,10.72374492,122.5793129,,,,,
STP1912,La Paz,,10.7256831,122.5792128,,,,,
STP1913,Jaro,,10.73235561,122.5795468,,,,,
STP1914,Jaro,,10.73289862,122.5794721,,,,,
STP1915,Jaro,,10.73624829,122.5809242,,,,,
STP1916,Jaro,,10.7396744,122.5824044,,,,,
STP2001,Mohon Southern Terminal,,10.6933067,122.499958,,,,,
STP2002,Arevalo Elementary School,,10.68891927,122.5171838,,,,,
STP2003,Villa de Arevalo,,10.70099165,122.5213191,,,,,
STP2004,Villa de Arevalo,,10.70339486,122.5233344,,,,,
STP2005,Mandurriao,,10.70556666,122.5252647,,,,,
STP2006,Era May store,,10.71302651,122.5323421,,,,,
STP2007,D and 9 sari sari,,10.71591286,122.536298,,,,,
STP2008,Mandurriao,,10.71781466,122.5396013,,,,,
STP2009,Mandurriao,,10.71838419,122.5466741,,,,,
STP2010,Mandurriao,,10.72000253,122.5527334,,,,,
STP2011,Seminario,,10.72397971,122.5559124,,,,,
STP2012,La Paz,,10.71634427,122.5659749,,,,,
STP2013,La Paz,,10.71634427,122.5659749,,,,,
STP2014,UCPB,,10.7246245,122.5561624,,,,,
STP2015,Mandurriao,,10.72000253,122.5527334,,,,,
STP2016,Mandurriao,,10.71864896,122.548294,,,,,
STP2017,Western Visayas Medical Center,,10.71811766,122.5423106,,,,,
STP2018,D and 9 sari sari,,10.71591286,122.536298,,,,,
STP2019,Era May store,,10.71302651,122.5323421,,,,,
STP2020,Mandurriao,,10.70556666,122.5252647,,,,,
STP2021,Villa de Arevalo,,10.70339486,122.5233344,,,,,
STP2022,Villa de Arevalo,,10.70099165,122.5213191,,,,,
STP2023,Arevalo Elementary School,,10.68891927,122.5171838,,,,,
STP2024,Villa de Arevalo,,10.69318007,122.5008547,,,,,
STP2101,City Mall Tagbak,,10.76276832,122.5784788,,,,,
STP2102,Ceres Iloilo North Bus Terminal,,10.75424416,122.572523,,,,,
STP2103,Jaro,,10.73952121,122.5630787,,,,,
STP2104,We Academy,,10.73144785,122.5596369,,,,,
STP2105,Jaro,,10.72532831,122.5566914,,,,,
STP2106,Mandurriao,,10.71383921,122.5521863,,,,,
STP2107,Mandurriao,,10.71383921,122.5521863,,,,,
STP2108,7-Eleven,,10.70738,122.5480397,,,,,
STP2109,Mandurriao,,10.71175617,122.5444294,,,,,
STP2110,Mandurriao,,10.71729314,122.5470863,,,,,
STP2111,Jaro,,10.7242116,122.5559083,,,,,
STP2112,We Academy,,10.73144785,122.5596369,,,,,
STP2113,Jaro,,10.73952121,122.5630787,,,,,
STP2114,Jaro,,10.75367051,122.5723428,,,,,
STP2115,Jaro,,10.76184276,122.5776364,,,,,
STP2201,Northern Iloilo Bus & Jeepney Terminal,,10.74628073,122.5392229,,,,,
STP2202,Jaro,,10.73845083,122.5434012,,,,,
STP2203,Jaro,,10.73405672,122.5481164,,,,,
STP2204,Jaro,,10.72216042,122.5601182,,,,,
STP2205,Jaro,,10.71867346,122.5637837,,,,,
STP2206,Iloilo Science and Technology University,,10.71598696,122.5660437,,,,,
STP2207,La Paz,,10.71129,122.5697409,,,,,
STP2208,Iloilo Province Pantawid Operations Office,,10.71015579,122.5698997,,,,,
STP2209,LBCarmelo Engineering,,10.71382376,122.5680134,,,,,
STP2210,Jaro,,10.71867346,122.5637837,,,,,
STP2211,Jaro,,10.72216042,122.5601182,,,,,
STP2212,Ledi Supermart,,10.72432836,122.5581701,,,,,
STP2213,GECO Philippines,,10.72786546,122.5559157,,,,,
STP2214,Central Philippine University,,10.73243736,122.5499855,,,,,
STP2215,Jaro,,10.73845083,122.5434012,,,,,
STP2216,Northern Iloilo Bus & Jeepney Terminal,,10.74628073,122.5392229,,,,,
STP2401,La Paz,,10.71325701,122.5679558,,,,,
STP2402,La Paz,,10.70970694,122.566751,,,,,
STP2403,La Paz,,10.70440245,122.5626385,,,,,
STP2404,Mandurriao,,10.70311124,122.5534929,,,,,
STP2405,Mandurriao,,10.7088378,122.551585,,,,,
STP2406,Mandurriao,,10.71398882,122.5522164,,,,,
STP2407,Mandurriao,,10.7116867,122.5515902,,,,,
STP2408,Mandurriao,,10.70879791,122.5496413,,,,,
STP2409,Starbucks,,10.71460281,122.5458195,,,,,
STP2410,Mandurriao,,10.71730163,122.5470876,,,,,
STP2411,Mandurriao,,10.71730163,122.5470876,,,,,
STP2412,Mandurriao,,10.71398882,122.5522164,,,,,
STP2413,Mandurriao,,10.7116867,122.5515902,,,,,
STP2414,Mandurriao,,10.70311124,122.5534929,,,,,
STP2415,La Paz,,10.70440245,122.5626385,,,,,
STP2416,La Paz,,10.70887115,122.5663809,,,,,
STP2417,La Paz Elementary School I,,10.71123755,122.5715064,,,,,
STP2501,BIR Revenue Region № 11,,10.69764512,122.5474721,,,,,
STP2502,i.mart,,10.69931955,122.5514178,,,,,
STP2503,University of San Agustin,,10.70083297,122.5636584,,,,,
STP2504,The Atrium,,10.70150638,122.5682669,,,,,
STP2505,City Proper,,10.69722972,122.5690073,,,,,
STP2506,Chowking,,10.6936126,122.5713437,,,,,
STP2507,City Proper,,10.69274001,122.5690989,,,,,
STP2508,City Proper,,10.69592564,122.5695147,,,,,
STP2509,Royale Business Club ILOILO BRANCH,,10.6955656,122.5658086,,,,,
STP2510,Colegio de las Hijas de Jesus,,10.69454867,122.5625064,,,,,
STP2511,City Proper,,10.69384137,122.5564162,,,,,
STP2512,Molo,,10.69220267,122.5497975,,,,,
STP2513,Molo,,10.69432035,122.5457968,,,,,
